Year,Goal,Target,Indicator,Country,Education Level,Location,Nature,Quartile,Sex,Value
2000,4,4.1,4.1.2,China,,,,,,28.1
2000,4,4.1,4.1.2,China,UPPSEC,ALLAREA,E,_T,BOTHSEX,29.7
2000,4,4.1,4.1.2,China,UPPSEC,ALLAREA,E,_T,MALE,31.1
2000,4,4.1,4.1.2,China,PRIMAR,ALLAREA,E,_T,MALE,90.8
2000,4,4.1,4.1.2,China,PRIMAR,ALLAREA,E,_T,FEMALE,87.6
2000,4,4.1,4.1.2,China,PRIMAR,ALLAREA,E,_T,BOTHSEX,87.7
2000,4,4.1,4.1.2,China,LOWSEC,ALLAREA,E,_T,FEMALE,66.1
2000,4,4.1,4.1.2,China,LOWSEC,ALLAREA,E,_T,MALE,70.4
2000,4,4.1,4.1.2,China,LOWSEC,ALLAREA,E,_T,BOTHSEX,68.3
2001,4,4.1,4.1.2,China,UPPSEC,ALLAREA,E,_T,MALE,32.3
2001,4,4.1,4.1.2,China,UPPSEC,ALLAREA,E,_T,BOTHSEX,31.3
2001,4,4.1,4.1.2,China,PRIMAR,ALLAREA,E,_T,MALE,91.5
2001,4,4.1,4.1.2,China,UPPSEC,ALLAREA,E,_T,FEMALE,30.0
2001,4,4.1,4.1.2,China,LOWSEC,ALLAREA,E,_T,BOTHSEX,69.5
2001,4,4.1,4.1.2,China,LOWSEC,ALLAREA,E,_T,MALE,71.4
2001,4,4.1,4.1.2,China,LOWSEC,ALLAREA,E,_T,FEMALE,67.6
2001,4,4.1,4.1.2,China,PRIMAR,ALLAREA,E,_T,BOTHSEX,88.70001
2001,4,4.1,4.1.2,China,PRIMAR,ALLAREA,E,_T,FEMALE,88.5
2002,4,4.1,4.1.2,China,LOWSEC,ALLAREA,E,_T,MALE,72.29999
2002,4,4.1,4.1.2,China,LOWSEC,ALLAREA,E,_T,BOTHSEX,70.6
2002,4,4.1,4.1.2,China,UPPSEC,ALLAREA,E,_T,FEMALE,31.8
2002,4,4.1,4.1.2,China,UPPSEC,ALLAREA,E,_T,BOTHSEX,32.7
2002,4,4.1,4.1.2,China,UPPSEC,ALLAREA,E,_T,MALE,33.4
2002,4,4.1,4.1.2,China,PRIMAR,ALLAREA,E,_T,MALE,92.1
2002,4,4.1,4.1.2,China,PRIMAR,ALLAREA,E,_T,FEMALE,89.5
2002,4,4.1,4.1.2,China,PRIMAR,ALLAREA,E,_T,BOTHSEX,89.60001
2002,4,4.1,4.1.2,China,LOWSEC,ALLAREA,E,_T,FEMALE,68.9
2003,4,4.1,4.1.2,China,UPPSEC,ALLAREA,E,_T,BOTHSEX,33.9
2003,4,4.1,4.1.2,China,UPPSEC,ALLAREA,E,_T,FEMALE,33.5
2003,4,4.1,4.1.2,China,LOWSEC,ALLAREA,E,_T,BOTHSEX,71.8
2003,4,4.1,4.1.2,China,LOWSEC,ALLAREA,E,_T,MALE,73.5
2003,4,4.1,4.1.2,China,LOWSEC,ALLAREA,E,_T,FEMALE,70.4
2003,4,4.1,4.1.2,China,UPPSEC,ALLAREA,E,_T,MALE,34.4
2003,4,4.1,4.1.2,China,PRIMAR,ALLAREA,E,_T,BOTHSEX,90.4
2003,4,4.1,4.1.2,China,PRIMAR,ALLAREA,E,_T,FEMALE,90.6
2003,4,4.1,4.1.2,China,PRIMAR,ALLAREA,E,_T,MALE,92.6
2004,4,4.1,4.1.2,China,PRIMAR,ALLAREA,E,_T,MALE,93.1
2004,4,4.1,4.1.2,China,PRIMAR,ALLAREA,E,_T,FEMALE,91.6
2004,4,4.1,4.1.2,China,PRIMAR,ALLAREA,E,_T,BOTHSEX,91.2
2004,4,4.1,4.1.2,China,UPPSEC,ALLAREA,E,_T,MALE,35.5
2004,4,4.1,4.1.2,China,LOWSEC,ALLAREA,E,_T,FEMALE,72.2
2004,4,4.1,4.1.2,China,LOWSEC,ALLAREA,E,_T,MALE,74.8
2004,4,4.1,4.1.2,China,LOWSEC,ALLAREA,E,_T,BOTHSEX,73.29999
2004,4,4.1,4.1.2,China,UPPSEC,ALLAREA,E,_T,FEMALE,35.2
2004,4,4.1,4.1.2,China,UPPSEC,ALLAREA,E,_T,BOTHSEX,35.2
2005,4,4.1,4.1.2,China,LOWSEC,ALLAREA,E,_T,FEMALE,74.2
2005,4,4.1,4.1.2,China,PRIMAR,ALLAREA,E,_T,BOTHSEX,92.0
2005,4,4.1,4.1.2,China,PRIMAR,ALLAREA,E,_T,FEMALE,92.6
2005,4,4.1,4.1.2,China,PRIMAR,ALLAREA,E,_T,MALE,93.4
2005,4,4.1,4.1.2,China,UPPSEC,ALLAREA,E,_T,MALE,36.7
2005,4,4.1,4.1.2,China,UPPSEC,ALLAREA,E,_T,BOTHSEX,36.7
2005,4,4.1,4.1.2,China,UPPSEC,ALLAREA,E,_T,FEMALE,37.2
2005,4,4.1,4.1.2,China,LOWSEC,ALLAREA,E,_T,BOTHSEX,74.9
2005,4,4.1,4.1.2,China,LOWSEC,ALLAREA,E,_T,MALE,76.0
2006,4,4.1,4.1.2,China,PRIMAR,ALLAREA,E,_T,FEMALE,93.4
2006,4,4.1,4.1.2,China,PRIMAR,ALLAREA,E,_T,BOTHSEX,92.7
2006,4,4.1,4.1.2,China,LOWSEC,ALLAREA,E,_T,FEMALE,76.4
2006,4,4.1,4.1.2,China,LOWSEC,ALLAREA,E,_T,MALE,77.10001
2006,4,4.1,4.1.2,China,LOWSEC,ALLAREA,E,_T,BOTHSEX,76.6
2006,4,4.1,4.1.2,China,UPPSEC,ALLAREA,E,_T,FEMALE,39.1
2006,4,4.1,4.1.2,China,PRIMAR,ALLAREA,E,_T,MALE,93.7
2006,4,4.1,4.1.2,China,UPPSEC,ALLAREA,E,_T,BOTHSEX,38.3
2006,4,4.1,4.1.2,China,UPPSEC,ALLAREA,E,_T,MALE,38.0
2007,4,4.1,4.1.2,China,UPPSEC,ALLAREA,E,_T,MALE,39.5
2007,4,4.1,4.1.2,China,UPPSEC,ALLAREA,E,_T,BOTHSEX,40.2
2007,4,4.1,4.1.2,China,UPPSEC,ALLAREA,E,_T,FEMALE,41.2
2007,4,4.1,4.1.2,China,LOWSEC,ALLAREA,E,_T,BOTHSEX,78.4
2007,4,4.1,4.1.2,China,LOWSEC,ALLAREA,E,_T,MALE,78.1
2007,4,4.1,4.1.2,China,LOWSEC,ALLAREA,E,_T,FEMALE,78.7
2007,4,4.1,4.1.2,China,PRIMAR,ALLAREA,E,_T,BOTHSEX,93.4
2007,4,4.1,4.1.2,China,PRIMAR,ALLAREA,E,_T,FEMALE,94.2
2007,4,4.1,4.1.2,China,PRIMAR,ALLAREA,E,_T,MALE,94.0
2008,4,4.1,4.1.2,China,LOWSEC,ALLAREA,E,_T,BOTHSEX,80.1
2008,4,4.1,4.1.2,China,UPPSEC,ALLAREA,E,_T,FEMALE,43.5
2008,4,4.1,4.1.2,China,UPPSEC,ALLAREA,E,_T,BOTHSEX,42.3
2008,4,4.1,4.1.2,China,UPPSEC,ALLAREA,E,_T,MALE,41.3
2008,4,4.1,4.1.2,China,PRIMAR,ALLAREA,E,_T,MALE,94.3
2008,4,4.1,4.1.2,China,PRIMAR,ALLAREA,E,_T,FEMALE,94.8
2008,4,4.1,4.1.2,China,PRIMAR,ALLAREA,E,_T,BOTHSEX,93.9
2008,4,4.1,4.1.2,China,LOWSEC,ALLAREA,E,_T,FEMALE,81.1
2008,4,4.1,4.1.2,China,LOWSEC,ALLAREA,E,_T,MALE,79.0
2009,4,4.1,4.1.2,China,UPPSEC,ALLAREA,E,_T,FEMALE,46.1
2009,4,4.1,4.1.2,China,LOWSEC,ALLAREA,E,_T,BOTHSEX,81.7
2009,4,4.1,4.1.2,China,LOWSEC,ALLAREA,E,_T,MALE,79.9
2009,4,4.1,4.1.2,China,LOWSEC,ALLAREA,E,_T,FEMALE,83.20001
2009,4,4.1,4.1.2,China,PRIMAR,ALLAREA,E,_T,BOTHSEX,94.3
2009,4,4.1,4.1.2,China,UPPSEC,ALLAREA,E,_T,MALE,43.3
2009,4,4.1,4.1.2,China,UPPSEC,ALLAREA,E,_T,BOTHSEX,44.7
2009,4,4.1,4.1.2,China,PRIMAR,ALLAREA,E,_T,FEMALE,95.3
2009,4,4.1,4.1.2,China,PRIMAR,ALLAREA,E,_T,MALE,94.4
2010,4,4.1,4.1.2,China,PRIMAR,ALLAREA,C,_T,MALE,96.35
2010,4,4.1,4.1.2,China,PRIMAR,ALLAREA,C,Q4,BOTHSEX,98.36
2010,4,4.1,4.1.2,China,PRIMAR,ALLAREA,C,Q3,BOTHSEX,97.85
2010,4,4.1,4.1.2,China,PRIMAR,ALLAREA,C,_T,FEMALE,97.09
2010,4,4.1,4.1.2,China,PRIMAR,ALLAREA,C,_T,BOTHSEX,96.69
2010,4,4.1,4.1.2,China,PRIMAR,URBAN,C,_T,BOTHSEX,99.2
2010,4,4.1,4.1.2,China,LOWSEC,URBAN,C,_T,BOTHSEX,91.28
2010,4,4.1,4.1.2,China,LOWSEC,RURAL,C,_T,BOTHSEX,77.78
2010,4,4.1,4.1.2,China,PRIMAR,ALLAREA,C,Q2,BOTHSEX,94.76
2010,4,4.1,4.1.2,China,PRIMAR,ALLAREA,C,Q1,BOTHSEX,93.16
2010,4,4.1,4.1.2,China,LOWSEC,ALLAREA,C,_T,FEMALE,85.83
2010,4,4.1,4.1.2,China,UPPSEC,ALLAREA,C,_T,FEMALE,43.02
2010,4,4.1,4.1.2,China,UPPSEC,ALLAREA,C,_T,BOTHSEX,43.97
2010,4,4.1,4.1.2,China,UPPSEC,ALLAREA,C,Q2,BOTHSEX,34.93
2010,4,4.1,4.1.2,China,UPPSEC,ALLAREA,C,_T,MALE,44.92
2010,4,4.1,4.1.2,China,UPPSEC,ALLAREA,C,Q4,BOTHSEX,54.05
2010,4,4.1,4.1.2,China,UPPSEC,URBAN,C,_T,BOTHSEX,60.05
2010,4,4.1,4.1.2,China,LOWSEC,ALLAREA,C,_T,MALE,84.05
2010,4,4.1,4.1.2,China,LOWSEC,ALLAREA,C,_T,BOTHSEX,84.94
2010,4,4.1,4.1.2,China,LOWSEC,ALLAREA,C,Q4,BOTHSEX,87.26
2010,4,4.1,4.1.2,China,LOWSEC,ALLAREA,C,Q5,BOTHSEX,91.22
2010,4,4.1,4.1.2,China,LOWSEC,ALLAREA,C,Q3,BOTHSEX,89.14
2010,4,4.1,4.1.2,China,LOWSEC,ALLAREA,C,Q2,BOTHSEX,85.47
2010,4,4.1,4.1.2,China,LOWSEC,ALLAREA,C,Q1,BOTHSEX,66.41
2010,4,4.1,4.1.2,China,UPPSEC,ALLAREA,C,Q3,BOTHSEX,41.55
2010,4,4.1,4.1.2,China,UPPSEC,ALLAREA,C,Q1,BOTHSEX,26.51
2010,4,4.1,4.1.2,China,UPPSEC,ALLAREA,C,Q5,BOTHSEX,60.19
2010,4,4.1,4.1.2,China,UPPSEC,RURAL,C,_T,BOTHSEX,27.84
2010,4,4.1,4.1.2,China,PRIMAR,ALLAREA,C,Q5,BOTHSEX,98.91
2010,4,4.1,4.1.2,China,PRIMAR,RURAL,C,_T,BOTHSEX,94.42
2011,4,4.1,4.1.2,China,UPPSEC,ALLAREA,E,_T,BOTHSEX,49.6
2011,4,4.1,4.1.2,China,UPPSEC,ALLAREA,E,_T,FEMALE,51.6
2011,4,4.1,4.1.2,China,LOWSEC,ALLAREA,E,_T,BOTHSEX,83.60001
2011,4,4.1,4.1.2,China,LOWSEC,ALLAREA,E,_T,MALE,81.1
2011,4,4.1,4.1.2,China,LOWSEC,ALLAREA,E,_T,FEMALE,86.1
2011,4,4.1,4.1.2,China,UPPSEC,ALLAREA,E,_T,MALE,46.9
2011,4,4.1,4.1.2,China,PRIMAR,ALLAREA,E,_T,BOTHSEX,94.70001
2011,4,4.1,4.1.2,China,PRIMAR,ALLAREA,E,_T,FEMALE,95.8
2011,4,4.1,4.1.2,China,PRIMAR,ALLAREA,E,_T,MALE,94.4
2012,4,4.1,4.1.2,China,PRIMAR,ALLAREA,C,_T,FEMALE,93.61
2012,4,4.1,4.1.2,China,PRIMAR,ALLAREA,C,_T,BOTHSEX,93.28
2012,4,4.1,4.1.2,China,PRIMAR,URBAN,C,_T,BOTHSEX,96.08
2012,4,4.1,4.1.2,China,PRIMAR,ALLAREA,C,Q1,BOTHSEX,89.4
2012,4,4.1,4.1.2,China,PRIMAR,ALLAREA,C,Q2,BOTHSEX,93.84
2012,4,4.1,4.1.2,China,LOWSEC,RURAL,C,_T,BOTHSEX,77.16
2012,4,4.1,4.1.2,China,LOWSEC,ALLAREA,C,Q1,BOTHSEX,73.94
2012,4,4.1,4.1.2,China,LOWSEC,ALLAREA,C,Q3,BOTHSEX,87.71
2012,4,4.1,4.1.2,China,UPPSEC,ALLAREA,C,_T,FEMALE,56.59
2012,4,4.1,4.1.2,China,UPPSEC,ALLAREA,C,_T,BOTHSEX,54.77
2012,4,4.1,4.1.2,China,UPPSEC,ALLAREA,C,Q2,BOTHSEX,40.98
2012,4,4.1,4.1.2,China,UPPSEC,ALLAREA,C,_T,MALE,52.8
2012,4,4.1,4.1.2,China,UPPSEC,ALLAREA,C,Q1,BOTHSEX,49.94
2012,4,4.1,4.1.2,China,PRIMAR,ALLAREA,C,_T,MALE,92.95
2012,4,4.1,4.1.2,China,PRIMAR,ALLAREA,C,Q4,BOTHSEX,93.14
2012,4,4.1,4.1.2,China,PRIMAR,ALLAREA,C,Q3,BOTHSEX,92.68
2012,4,4.1,4.1.2,China,LOWSEC,URBAN,C,_T,BOTHSEX,92.02
2012,4,4.1,4.1.2,China,LOWSEC,ALLAREA,C,_T,FEMALE,87.8
2012,4,4.1,4.1.2,China,LOWSEC,ALLAREA,C,_T,MALE,81.98
2012,4,4.1,4.1.2,China,LOWSEC,ALLAREA,C,_T,BOTHSEX,84.78
2012,4,4.1,4.1.2,China,LOWSEC,ALLAREA,C,Q4,BOTHSEX,84.29
2012,4,4.1,4.1.2,China,LOWSEC,ALLAREA,C,Q5,BOTHSEX,90.62
2012,4,4.1,4.1.2,China,LOWSEC,ALLAREA,C,Q2,BOTHSEX,85.62
2012,4,4.1,4.1.2,China,UPPSEC,ALLAREA,C,Q4,BOTHSEX,61.31
2012,4,4.1,4.1.2,China,UPPSEC,ALLAREA,C,Q3,BOTHSEX,51.7
2012,4,4.1,4.1.2,China,UPPSEC,URBAN,C,_T,BOTHSEX,63.8
2012,4,4.1,4.1.2,China,PRIMAR,RURAL,C,_T,BOTHSEX,90.35
2012,4,4.1,4.1.2,China,PRIMAR,ALLAREA,C,Q5,BOTHSEX,97.54
2012,4,4.1,4.1.2,China,UPPSEC,RURAL,C,_T,BOTHSEX,43.83
2012,4,4.1,4.1.2,China,UPPSEC,ALLAREA,C,Q5,BOTHSEX,62.88
2013,4,4.1,4.1.2,China,UPPSEC,ALLAREA,E,_T,MALE,48.9
2013,4,4.1,4.1.2,China,UPPSEC,ALLAREA,E,_T,BOTHSEX,53.3
2013,4,4.1,4.1.2,China,UPPSEC,ALLAREA,E,_T,FEMALE,56.2
2013,4,4.1,4.1.2,China,LOWSEC,ALLAREA,E,_T,BOTHSEX,84.0
2013,4,4.1,4.1.2,China,LOWSEC,ALLAREA,E,_T,MALE,81.2
2013,4,4.1,4.1.2,China,LOWSEC,ALLAREA,E,_T,FEMALE,87.8
2013,4,4.1,4.1.2,China,PRIMAR,ALLAREA,E,_T,BOTHSEX,94.6
2013,4,4.1,4.1.2,China,PRIMAR,ALLAREA,E,_T,FEMALE,96.10001
2013,4,4.1,4.1.2,China,PRIMAR,ALLAREA,E,_T,MALE,94.2
2014,4,4.1,4.1.2,China,PRIMAR,ALLAREA,C,Q4,BOTHSEX,94.22
2014,4,4.1,4.1.2,China,PRIMAR,ALLAREA,C,Q3,BOTHSEX,98.11
2014,4,4.1,4.1.2,China,PRIMAR,ALLAREA,C,_T,FEMALE,98.02
2014,4,4.1,4.1.2,China,PRIMAR,ALLAREA,C,_T,BOTHSEX,97.21
2014,4,4.1,4.1.2,China,PRIMAR,URBAN,C,_T,BOTHSEX,97.58
2014,4,4.1,4.1.2,China,LOWSEC,URBAN,C,_T,BOTHSEX,87.14
2014,4,4.1,4.1.2,China,LOWSEC,ALLAREA,C,Q5,BOTHSEX,85.83
2014,4,4.1,4.1.2,China,LOWSEC,ALLAREA,C,Q3,BOTHSEX,79.66
2014,4,4.1,4.1.2,China,LOWSEC,ALLAREA,C,Q2,BOTHSEX,86.51
2014,4,4.1,4.1.2,China,LOWSEC,ALLAREA,C,Q1,BOTHSEX,79.43
2014,4,4.1,4.1.2,China,UPPSEC,ALLAREA,C,_T,FEMALE,61.56
2014,4,4.1,4.1.2,China,UPPSEC,ALLAREA,C,_T,BOTHSEX,60.87
2014,4,4.1,4.1.2,China,UPPSEC,RURAL,C,_T,BOTHSEX,49.04
2014,4,4.1,4.1.2,China,PRIMAR,ALLAREA,C,Q5,BOTHSEX,98.57
2014,4,4.1,4.1.2,China,PRIMAR,RURAL,C,_T,BOTHSEX,96.78
2014,4,4.1,4.1.2,China,PRIMAR,ALLAREA,C,_T,MALE,96.53
2014,4,4.1,4.1.2,China,LOWSEC,RURAL,C,_T,BOTHSEX,76.62
2014,4,4.1,4.1.2,China,PRIMAR,ALLAREA,C,Q2,BOTHSEX,98.38
2014,4,4.1,4.1.2,China,PRIMAR,ALLAREA,C,Q1,BOTHSEX,95.83
2014,4,4.1,4.1.2,China,LOWSEC,ALLAREA,C,_T,FEMALE,88.61
2014,4,4.1,4.1.2,China,LOWSEC,ALLAREA,C,_T,MALE,77.02
2014,4,4.1,4.1.2,China,LOWSEC,ALLAREA,C,_T,BOTHSEX,82.56
2014,4,4.1,4.1.2,China,LOWSEC,ALLAREA,C,Q4,BOTHSEX,84.1
2014,4,4.1,4.1.2,China,UPPSEC,ALLAREA,C,Q2,BOTHSEX,55.57
2014,4,4.1,4.1.2,China,UPPSEC,ALLAREA,C,_T,MALE,60.16
2014,4,4.1,4.1.2,China,UPPSEC,ALLAREA,C,Q4,BOTHSEX,66.71
2014,4,4.1,4.1.2,China,UPPSEC,URBAN,C,_T,BOTHSEX,69.61
2014,4,4.1,4.1.2,China,UPPSEC,ALLAREA,C,Q3,BOTHSEX,54.88
2014,4,4.1,4.1.2,China,UPPSEC,ALLAREA,C,Q1,BOTHSEX,61.14
2014,4,4.1,4.1.2,China,UPPSEC,ALLAREA,C,Q5,BOTHSEX,77.02
2015,4,4.1,4.1.1,China,LOWSEC,,C,,BOTHSEX,78.9
2015,4,4.1,4.1.1,China,GRAD23,,C,,BOTHSEX,84.6
2015,4,4.1,4.1.2,China,UPPSEC,ALLAREA,E,_T,MALE,49.8
2015,4,4.1,4.1.2,China,UPPSEC,ALLAREA,E,_T,BOTHSEX,55.4
2015,4,4.1,4.1.2,China,PRIMAR,ALLAREA,E,_T,MALE,94.1
2015,4,4.1,4.1.2,China,UPPSEC,ALLAREA,E,_T,FEMALE,59.3
2015,4,4.1,4.1.2,China,LOWSEC,ALLAREA,E,_T,BOTHSEX,84.2
2015,4,4.1,4.1.2,China,LOWSEC,ALLAREA,E,_T,MALE,81.2
2015,4,4.1,4.1.2,China,LOWSEC,ALLAREA,E,_T,FEMALE,89.20001
2015,4,4.1,4.1.2,China,PRIMAR,ALLAREA,E,_T,BOTHSEX,94.6
2015,4,4.1,4.1.2,China,PRIMAR,ALLAREA,E,_T,FEMALE,96.4
2016,4,4.1,4.1.1,China,GRAD23,,C,,BOTHSEX,81.8
2016,4,4.1,4.1.1,China,LOWSEC,,C,,BOTHSEX,79.6
2016,4,4.1,4.1.2,China,PRIMAR,ALLAREA,C,_T,MALE,94.95
2016,4,4.1,4.1.2,China,PRIMAR,ALLAREA,C,Q4,BOTHSEX,96.32
2016,4,4.1,4.1.2,China,PRIMAR,ALLAREA,C,Q3,MALE,93.78
2016,4,4.1,4.1.2,China,PRIMAR,ALLAREA,C,Q4,FEMALE,99.17
2016,4,4.1,4.1.2,China,PRIMAR,ALLAREA,C,Q4,MALE,93.6
2016,4,4.1,4.1.2,China,PRIMAR,ALLAREA,C,Q2,MALE,98.63
2016,4,4.1,4.1.2,China,PRIMAR,URBAN,C,_T,FEMALE,98.23
2016,4,4.1,4.1.2,China,PRIMAR,URBAN,C,Q1,FEMALE,93.61
2016,4,4.1,4.1.2,China,PRIMAR,RURAL,C,Q4,MALE,90.72
2016,4,4.1,4.1.2,China,PRIMAR,RURAL,C,Q5,BOTHSEX,81.12
2016,4,4.1,4.1.2,China,PRIMAR,URBAN,C,Q1,BOTHSEX,95.95
2016,4,4.1,4.1.2,China,PRIMAR,ALLAREA,C,Q1,BOTHSEX,93.44
2016,4,4.1,4.1.2,China,PRIMAR,ALLAREA,C,Q2,BOTHSEX,97.62
2016,4,4.1,4.1.2,China,LOWSEC,RURAL,C,_T,MALE,76.29
2016,4,4.1,4.1.2,China,LOWSEC,ALLAREA,C,Q5,MALE,92.59
2016,4,4.1,4.1.2,China,LOWSEC,RURAL,C,Q1,MALE,76.67
2016,4,4.1,4.1.2,China,LOWSEC,RURAL,C,Q2,BOTHSEX,84.4
2016,4,4.1,4.1.2,China,LOWSEC,RURAL,C,_T,FEMALE,89.55
2016,4,4.1,4.1.2,China,LOWSEC,RURAL,C,Q4,FEMALE,91.02
2016,4,4.1,4.1.2,China,LOWSEC,RURAL,C,Q5,BOTHSEX,80.35
2016,4,4.1,4.1.2,China,LOWSEC,URBAN,C,Q3,MALE,88.59
2016,4,4.1,4.1.2,China,LOWSEC,URBAN,C,Q4,FEMALE,91.53
2016,4,4.1,4.1.2,China,LOWSEC,URBAN,C,Q4,MALE,95.82
2016,4,4.1,4.1.2,China,LOWSEC,RURAL,C,Q1,BOTHSEX,80.58
2016,4,4.1,4.1.2,China,LOWSEC,RURAL,C,Q1,FEMALE,83.79
2016,4,4.1,4.1.2,China,LOWSEC,URBAN,C,Q3,BOTHSEX,93.3
2016,4,4.1,4.1.2,China,LOWSEC,URBAN,C,Q2,FEMALE,95.66
2016,4,4.1,4.1.2,China,LOWSEC,ALLAREA,C,Q4,BOTHSEX,92.35
2016,4,4.1,4.1.2,China,LOWSEC,ALLAREA,C,Q5,BOTHSEX,95.41
2016,4,4.1,4.1.2,China,LOWSEC,ALLAREA,C,Q3,FEMALE,95.7
2016,4,4.1,4.1.2,China,LOWSEC,ALLAREA,C,Q3,MALE,84.87
2016,4,4.1,4.1.2,China,LOWSEC,ALLAREA,C,Q1,BOTHSEX,84.49
2016,4,4.1,4.1.2,China,LOWSEC,ALLAREA,C,Q2,BOTHSEX,90.73
2016,4,4.1,4.1.2,China,LOWSEC,ALLAREA,C,Q3,BOTHSEX,90.55
2016,4,4.1,4.1.2,China,UPPSEC,RURAL,C,_T,FEMALE,62.13
2016,4,4.1,4.1.2,China,UPPSEC,RURAL,C,Q3,FEMALE,65.52
2016,4,4.1,4.1.2,China,UPPSEC,URBAN,C,Q4,BOTHSEX,66.1
2016,4,4.1,4.1.2,China,UPPSEC,RURAL,C,Q1,MALE,45.41
2016,4,4.1,4.1.2,China,LOWSEC,URBAN,C,Q5,FEMALE,99.63
2016,4,4.1,4.1.2,China,UPPSEC,RURAL,C,Q2,BOTHSEX,54.78
2016,4,4.1,4.1.2,China,LOWSEC,URBAN,C,Q5,BOTHSEX,98.27
2016,4,4.1,4.1.2,China,UPPSEC,ALLAREA,C,Q2,BOTHSEX,60.82
2016,4,4.1,4.1.2,China,UPPSEC,URBAN,C,Q4,FEMALE,72.24
2016,4,4.1,4.1.2,China,UPPSEC,ALLAREA,C,Q2,FEMALE,66.11
2016,4,4.1,4.1.2,China,UPPSEC,URBAN,C,Q5,FEMALE,77.5
2016,4,4.1,4.1.2,China,LOWSEC,URBAN,C,Q5,MALE,96.94
2016,4,4.1,4.1.2,China,UPPSEC,RURAL,C,_T,MALE,49.64
2016,4,4.1,4.1.2,China,UPPSEC,RURAL,C,Q3,BOTHSEX,61.22
2016,4,4.1,4.1.2,China,UPPSEC,ALLAREA,C,Q3,FEMALE,68.36
2016,4,4.1,4.1.2,China,UPPSEC,URBAN,C,_T,BOTHSEX,70.61
2016,4,4.1,4.1.2,China,UPPSEC,ALLAREA,C,Q3,MALE,60.43
2016,4,4.1,4.1.2,China,UPPSEC,ALLAREA,C,Q1,MALE,46.31
2016,4,4.1,4.1.2,China,UPPSEC,URBAN,C,Q1,BOTHSEX,57.84
2016,4,4.1,4.1.2,China,UPPSEC,URBAN,C,Q1,FEMALE,58.13
2016,4,4.1,4.1.2,China,UPPSEC,ALLAREA,C,Q1,FEMALE,54.45
2016,4,4.1,4.1.2,China,PRIMAR,RURAL,C,Q2,BOTHSEX,95.97
2016,4,4.1,4.1.2,China,PRIMAR,RURAL,C,Q2,FEMALE,95.6
2016,4,4.1,4.1.2,China,PRIMAR,RURAL,C,Q4,BOTHSEX,93.69
2016,4,4.1,4.1.2,China,PRIMAR,RURAL,C,Q4,FEMALE,96.28
2016,4,4.1,4.1.2,China,PRIMAR,RURAL,C,Q3,FEMALE,100.0
2016,4,4.1,4.1.2,China,PRIMAR,RURAL,C,_T,FEMALE,96.13
2016,4,4.1,4.1.2,China,PRIMAR,RURAL,C,_T,MALE,90.3
2016,4,4.1,4.1.2,China,PRIMAR,ALLAREA,C,Q5,FEMALE,100.0
2016,4,4.1,4.1.2,China,PRIMAR,URBAN,C,Q4,FEMALE,100.0
2016,4,4.1,4.1.2,China,UPPSEC,RURAL,C,_T,BOTHSEX,56.28
2016,4,4.1,4.1.2,China,UPPSEC,RURAL,C,Q3,MALE,56.07
2016,4,4.1,4.1.2,China,UPPSEC,URBAN,C,Q3,FEMALE,75.16
2016,4,4.1,4.1.2,China,UPPSEC,ALLAREA,C,Q5,BOTHSEX,68.19
2016,4,4.1,4.1.2,China,UPPSEC,ALLAREA,C,Q1,BOTHSEX,50.94
2016,4,4.1,4.1.2,China,UPPSEC,URBAN,C,Q1,MALE,57.29
2016,4,4.1,4.1.2,China,UPPSEC,RURAL,C,Q4,FEMALE,62.18
2016,4,4.1,4.1.2,China,PRIMAR,ALLAREA,C,Q3,FEMALE,99.9
2016,4,4.1,4.1.2,China,PRIMAR,ALLAREA,C,Q3,BOTHSEX,96.92
2016,4,4.1,4.1.2,China,PRIMAR,ALLAREA,C,Q2,FEMALE,96.69
2016,4,4.1,4.1.2,China,PRIMAR,ALLAREA,C,_T,FEMALE,97.71
2016,4,4.1,4.1.2,China,PRIMAR,ALLAREA,C,_T,BOTHSEX,96.36
2016,4,4.1,4.1.2,China,PRIMAR,URBAN,C,_T,MALE,97.01
2016,4,4.1,4.1.2,China,PRIMAR,URBAN,C,_T,BOTHSEX,97.66
2016,4,4.1,4.1.2,China,PRIMAR,URBAN,C,Q3,FEMALE,99.87
2016,4,4.1,4.1.2,China,PRIMAR,URBAN,C,Q3,BOTHSEX,96.98
2016,4,4.1,4.1.2,China,LOWSEC,ALLAREA,C,Q2,MALE,85.97
2016,4,4.1,4.1.2,China,LOWSEC,ALLAREA,C,Q5,FEMALE,98.7
2016,4,4.1,4.1.2,China,LOWSEC,ALLAREA,C,Q4,FEMALE,91.44
2016,4,4.1,4.1.2,China,LOWSEC,ALLAREA,C,Q4,MALE,92.98
2016,4,4.1,4.1.2,China,LOWSEC,ALLAREA,C,Q1,MALE,77.5
2016,4,4.1,4.1.2,China,LOWSEC,ALLAREA,C,Q1,FEMALE,89.96
2016,4,4.1,4.1.2,China,LOWSEC,ALLAREA,C,Q2,FEMALE,94.79
2016,4,4.1,4.1.2,China,UPPSEC,ALLAREA,C,_T,FEMALE,65.94
2016,4,4.1,4.1.2,China,UPPSEC,URBAN,C,Q5,MALE,70.76
2016,4,4.1,4.1.2,China,UPPSEC,URBAN,C,Q3,BOTHSEX,73.35
2016,4,4.1,4.1.2,China,UPPSEC,URBAN,C,Q2,BOTHSEX,76.39
2016,4,4.1,4.1.2,China,UPPSEC,RURAL,C,Q4,BOTHSEX,55.75
2016,4,4.1,4.1.2,China,UPPSEC,ALLAREA,C,Q5,FEMALE,74.75
2016,4,4.1,4.1.2,China,UPPSEC,URBAN,C,Q2,FEMALE,73.91
2016,4,4.1,4.1.2,China,PRIMAR,RURAL,C,Q3,BOTHSEX,96.35
2016,4,4.1,4.1.2,China,PRIMAR,RURAL,C,Q2,MALE,96.34
2016,4,4.1,4.1.2,China,PRIMAR,ALLAREA,C,Q1,MALE,92.87
2016,4,4.1,4.1.2,China,PRIMAR,ALLAREA,C,Q1,FEMALE,93.94
2016,4,4.1,4.1.2,China,LOWSEC,RURAL,C,Q3,FEMALE,91.79
2016,4,4.1,4.1.2,China,LOWSEC,RURAL,C,Q3,MALE,75.72
2016,4,4.1,4.1.2,China,LOWSEC,RURAL,C,Q2,MALE,73.41
2016,4,4.1,4.1.2,China,LOWSEC,RURAL,C,Q2,FEMALE,93.27
2016,4,4.1,4.1.2,China,LOWSEC,RURAL,C,Q3,BOTHSEX,84.79
2016,4,4.1,4.1.2,China,LOWSEC,RURAL,C,Q4,MALE,81.48
2016,4,4.1,4.1.2,China,LOWSEC,RURAL,C,_T,BOTHSEX,83.21
2016,4,4.1,4.1.2,China,LOWSEC,RURAL,C,Q4,BOTHSEX,85.75
2016,4,4.1,4.1.2,China,LOWSEC,URBAN,C,_T,BOTHSEX,94.21
2016,4,4.1,4.1.2,China,LOWSEC,URBAN,C,Q1,MALE,77.5
2016,4,4.1,4.1.2,China,LOWSEC,URBAN,C,_T,FEMALE,96.57
2016,4,4.1,4.1.2,China,LOWSEC,URBAN,C,_T,MALE,91.93
2016,4,4.1,4.1.2,China,LOWSEC,URBAN,C,Q1,BOTHSEX,90.16
2016,4,4.1,4.1.2,China,LOWSEC,URBAN,C,Q1,FEMALE,98.84
2016,4,4.1,4.1.2,China,LOWSEC,URBAN,C,Q2,BOTHSEX,94.48
2016,4,4.1,4.1.2,China,LOWSEC,URBAN,C,Q4,BOTHSEX,94.09
2016,4,4.1,4.1.2,China,LOWSEC,URBAN,C,Q3,FEMALE,97.84
2016,4,4.1,4.1.2,China,LOWSEC,URBAN,C,Q2,MALE,93.17
2016,4,4.1,4.1.2,China,LOWSEC,ALLAREA,C,_T,FEMALE,94.15
2016,4,4.1,4.1.2,China,LOWSEC,ALLAREA,C,_T,MALE,87.01
2016,4,4.1,4.1.2,China,PRIMAR,URBAN,C,Q5,MALE,100.0
2016,4,4.1,4.1.2,China,PRIMAR,URBAN,C,Q5,FEMALE,100.0
2016,4,4.1,4.1.2,China,PRIMAR,URBAN,C,Q4,MALE,94.25
2016,4,4.1,4.1.2,China,PRIMAR,URBAN,C,Q5,BOTHSEX,100.0
2016,4,4.1,4.1.2,China,LOWSEC,ALLAREA,C,_T,BOTHSEX,90.58
2016,4,4.1,4.1.2,China,UPPSEC,URBAN,C,Q3,MALE,71.13
2016,4,4.1,4.1.2,China,UPPSEC,ALLAREA,C,_T,BOTHSEX,61.23
2016,4,4.1,4.1.2,China,UPPSEC,URBAN,C,Q4,MALE,61.05
2016,4,4.1,4.1.2,China,UPPSEC,RURAL,C,Q2,MALE,41.37
2016,4,4.1,4.1.2,China,UPPSEC,RURAL,C,Q1,FEMALE,52.9
2016,4,4.1,4.1.2,China,UPPSEC,RURAL,C,Q2,FEMALE,63.05
2016,4,4.1,4.1.2,China,UPPSEC,RURAL,C,Q1,BOTHSEX,49.56
2016,4,4.1,4.1.2,China,UPPSEC,URBAN,C,Q5,BOTHSEX,74.16
2016,4,4.1,4.1.2,China,UPPSEC,ALLAREA,C,Q4,FEMALE,66.8
2016,4,4.1,4.1.2,China,UPPSEC,ALLAREA,C,_T,MALE,55.86
2016,4,4.1,4.1.2,China,UPPSEC,URBAN,C,Q2,MALE,80.84
2016,4,4.1,4.1.2,China,UPPSEC,ALLAREA,C,Q5,MALE,62.43
2016,4,4.1,4.1.2,China,UPPSEC,ALLAREA,C,Q2,MALE,52.02
2016,4,4.1,4.1.2,China,UPPSEC,ALLAREA,C,Q4,BOTHSEX,60.51
2016,4,4.1,4.1.2,China,UPPSEC,URBAN,C,_T,FEMALE,72.74
2016,4,4.1,4.1.2,China,UPPSEC,RURAL,C,Q5,MALE,54.79
2016,4,4.1,4.1.2,China,UPPSEC,RURAL,C,Q5,FEMALE,71.19
2016,4,4.1,4.1.2,China,UPPSEC,ALLAREA,C,Q3,BOTHSEX,64.75
2016,4,4.1,4.1.2,China,UPPSEC,ALLAREA,C,Q4,MALE,55.09
2016,4,4.1,4.1.2,China,UPPSEC,RURAL,C,Q4,MALE,50.34
2016,4,4.1,4.1.2,China,UPPSEC,RURAL,C,Q5,BOTHSEX,62.07
2016,4,4.1,4.1.2,China,UPPSEC,URBAN,C,_T,MALE,68.12
2016,4,4.1,4.1.2,China,PRIMAR,RURAL,C,_T,BOTHSEX,93.0
2016,4,4.1,4.1.2,China,PRIMAR,ALLAREA,C,Q5,BOTHSEX,97.54
2016,4,4.1,4.1.2,China,PRIMAR,ALLAREA,C,Q5,MALE,95.31
2016,4,4.1,4.1.2,China,PRIMAR,RURAL,C,Q3,MALE,94.04
2016,4,4.1,4.1.2,China,PRIMAR,RURAL,C,Q1,MALE,87.29
2016,4,4.1,4.1.2,China,PRIMAR,RURAL,C,Q1,FEMALE,94.39
2016,4,4.1,4.1.2,China,PRIMAR,RURAL,C,Q1,BOTHSEX,90.66
2016,4,4.1,4.1.2,China,PRIMAR,URBAN,C,Q2,FEMALE,97.16
2016,4,4.1,4.1.2,China,PRIMAR,URBAN,C,Q2,MALE,99.86
2016,4,4.1,4.1.2,China,PRIMAR,URBAN,C,Q1,MALE,99.31
2016,4,4.1,4.1.2,China,PRIMAR,URBAN,C,Q2,BOTHSEX,98.42
2016,4,4.1,4.1.2,China,PRIMAR,URBAN,C,Q3,MALE,93.53
2016,4,4.1,4.1.2,China,PRIMAR,URBAN,C,Q4,BOTHSEX,96.96
2017,4,4.1,4.1.2,China,UPPSEC,ALLAREA,E,_T,MALE,50.6
2017,4,4.1,4.1.2,China,PRIMAR,ALLAREA,E,_T,BOTHSEX,94.9
2017,4,4.1,4.1.2,China,PRIMAR,ALLAREA,E,_T,FEMALE,96.7
2017,4,4.1,4.1.2,China,PRIMAR,ALLAREA,E,_T,MALE,94.3
2017,4,4.1,4.1.2,China,UPPSEC,ALLAREA,E,_T,BOTHSEX,57.0
2017,4,4.1,4.1.2,China,UPPSEC,ALLAREA,E,_T,FEMALE,61.6
2017,4,4.1,4.1.2,China,LOWSEC,ALLAREA,E,_T,BOTHSEX,84.79999
2017,4,4.1,4.1.2,China,LOWSEC,ALLAREA,E,_T,MALE,81.6
2017,4,4.1,4.1.2,China,LOWSEC,ALLAREA,E,_T,FEMALE,90.6
2018,4,4.1,4.1.2,China,LOWSEC,ALLAREA,E,_T,FEMALE,91.39999
2018,4,4.1,4.1.2,China,LOWSEC,ALLAREA,E,_T,MALE,82.0
2018,4,4.1,4.1.2,China,LOWSEC,ALLAREA,E,_T,BOTHSEX,85.39999
2018,4,4.1,4.1.2,China,UPPSEC,ALLAREA,E,_T,FEMALE,62.7
2018,4,4.1,4.1.2,China,UPPSEC,ALLAREA,E,_T,BOTHSEX,57.7
2018,4,4.1,4.1.2,China,PRIMAR,ALLAREA,E,_T,MALE,94.5
2018,4,4.1,4.1.2,China,PRIMAR,ALLAREA,E,_T,FEMALE,96.9
2018,4,4.1,4.1.2,China,PRIMAR,ALLAREA,E,_T,BOTHSEX,95.20001
2018,4,4.1,4.1.2,China,UPPSEC,ALLAREA,E,_T,MALE,51.1
2019,4,4.1,4.1.2,China,UPPSEC,ALLAREA,E,_T,MALE,51.6
2019,4,4.1,4.1.2,China,UPPSEC,ALLAREA,E,_T,BOTHSEX,58.5
2019,4,4.1,4.1.2,China,UPPSEC,ALLAREA,E,_T,FEMALE,63.7
2019,4,4.1,4.1.2,China,LOWSEC,ALLAREA,E,_T,BOTHSEX,86.0
2019,4,4.1,4.1.2,China,LOWSEC,ALLAREA,E,_T,MALE,82.4
2019,4,4.1,4.1.2,China,LOWSEC,ALLAREA,E,_T,FEMALE,92.0
2019,4,4.1,4.1.2,China,PRIMAR,ALLAREA,E,_T,BOTHSEX,95.4
2019,4,4.1,4.1.2,China,PRIMAR,ALLAREA,E,_T,FEMALE,97.2
2019,4,4.1,4.1.2,China,PRIMAR,ALLAREA,E,_T,MALE,94.6
2020,4,4.1,4.1.2,China,PRIMAR,ALLAREA,E,_T,MALE,94.8
2020,4,4.1,4.1.2,China,UPPSEC,ALLAREA,E,_T,BOTHSEX,59.3
2020,4,4.1,4.1.2,China,UPPSEC,ALLAREA,E,_T,MALE,52.1
2020,4,4.1,4.1.2,China,PRIMAR,ALLAREA,E,_T,FEMALE,97.39999
2020,4,4.1,4.1.2,China,PRIMAR,ALLAREA,E,_T,BOTHSEX,95.6
2020,4,4.1,4.1.2,China,LOWSEC,ALLAREA,E,_T,FEMALE,92.6
2020,4,4.1,4.1.2,China,LOWSEC,ALLAREA,E,_T,MALE,82.9
2020,4,4.1,4.1.2,China,LOWSEC,ALLAREA,E,_T,BOTHSEX,86.5
2020,4,4.1,4.1.2,China,UPPSEC,ALLAREA,E,_T,FEMALE,64.8
