Goal,Target,Indicator,Country,Year,Value,Education Level,Location,Nature,Quartile,Sex
4,4.1,4.1.2,China,2000,28.1,UPPSEC,ALLAREA,E,_T,FEMALE
4,4.1,4.1.2,China,2000,29.7,UPPSEC,ALLAREA,E,_T,BOTHSEX
4,4.1,4.1.2,China,2000,31.1,UPPSEC,ALLAREA,E,_T,MALE
4,4.1,4.1.2,China,2000,90.8,PRIMAR,ALLAREA,E,_T,MALE
4,4.1,4.1.2,China,2000,87.6,PRIMAR,ALLAREA,E,_T,FEMALE
4,4.1,4.1.2,China,2000,87.7,PRIMAR,ALLAREA,E,_T,BOTHSEX
4,4.1,4.1.2,China,2000,66.1,LOWSEC,ALLAREA,E,_T,FEMALE
4,4.1,4.1.2,China,2000,70.4,LOWSEC,ALLAREA,E,_T,MALE
4,4.1,4.1.2,China,2000,68.3,LOWSEC,ALLAREA,E,_T,BOTHSEX
4,4.1,4.1.2,China,2001,32.3,UPPSEC,ALLAREA,E,_T,MALE
4,4.1,4.1.2,China,2001,31.3,UPPSEC,ALLAREA,E,_T,BOTHSEX
4,4.1,4.1.2,China,2001,91.5,PRIMAR,ALLAREA,E,_T,MALE
4,4.1,4.1.2,China,2001,30,UPPSEC,ALLAREA,E,_T,FEMALE
4,4.1,4.1.2,China,2001,69.5,LOWSEC,ALLAREA,E,_T,BOTHSEX
4,4.1,4.1.2,China,2001,71.4,LOWSEC,ALLAREA,E,_T,MALE
4,4.1,4.1.2,China,2001,67.6,LOWSEC,ALLAREA,E,_T,FEMALE
4,4.1,4.1.2,China,2001,88.70001,PRIMAR,ALLAREA,E,_T,BOTHSEX
4,4.1,4.1.2,China,2001,88.5,PRIMAR,ALLAREA,E,_T,FEMALE
4,4.1,4.1.2,China,2002,72.29999,LOWSEC,ALLAREA,E,_T,MALE
4,4.1,4.1.2,China,2002,70.6,LOWSEC,ALLAREA,E,_T,BOTHSEX
4,4.1,4.1.2,China,2002,31.8,UPPSEC,ALLAREA,E,_T,FEMALE
4,4.1,4.1.2,China,2002,32.7,UPPSEC,ALLAREA,E,_T,BOTHSEX
4,4.1,4.1.2,China,2002,33.4,UPPSEC,ALLAREA,E,_T,MALE
4,4.1,4.1.2,China,2002,92.1,PRIMAR,ALLAREA,E,_T,MALE
4,4.1,4.1.2,China,2002,89.5,PRIMAR,ALLAREA,E,_T,FEMALE
4,4.1,4.1.2,China,2002,89.60001,PRIMAR,ALLAREA,E,_T,BOTHSEX
4,4.1,4.1.2,China,2002,68.9,LOWSEC,ALLAREA,E,_T,FEMALE
4,4.1,4.1.2,China,2003,33.9,UPPSEC,ALLAREA,E,_T,BOTHSEX
4,4.1,4.1.2,China,2003,33.5,UPPSEC,ALLAREA,E,_T,FEMALE
4,4.1,4.1.2,China,2003,71.8,LOWSEC,ALLAREA,E,_T,BOTHSEX
4,4.1,4.1.2,China,2003,73.5,LOWSEC,ALLAREA,E,_T,MALE
4,4.1,4.1.2,China,2003,70.4,LOWSEC,ALLAREA,E,_T,FEMALE
4,4.1,4.1.2,China,2003,34.4,UPPSEC,ALLAREA,E,_T,MALE
4,4.1,4.1.2,China,2003,90.4,PRIMAR,ALLAREA,E,_T,BOTHSEX
4,4.1,4.1.2,China,2003,90.6,PRIMAR,ALLAREA,E,_T,FEMALE
4,4.1,4.1.2,China,2003,92.6,PRIMAR,ALLAREA,E,_T,MALE
4,4.1,4.1.2,China,2004,93.1,PRIMAR,ALLAREA,E,_T,MALE
4,4.1,4.1.2,China,2004,91.6,PRIMAR,ALLAREA,E,_T,FEMALE
4,4.1,4.1.2,China,2004,91.2,PRIMAR,ALLAREA,E,_T,BOTHSEX
4,4.1,4.1.2,China,2004,35.5,UPPSEC,ALLAREA,E,_T,MALE
4,4.1,4.1.2,China,2004,72.2,LOWSEC,ALLAREA,E,_T,FEMALE
4,4.1,4.1.2,China,2004,74.8,LOWSEC,ALLAREA,E,_T,MALE
4,4.1,4.1.2,China,2004,73.29999,LOWSEC,ALLAREA,E,_T,BOTHSEX
4,4.1,4.1.2,China,2004,35.2,UPPSEC,ALLAREA,E,_T,FEMALE
4,4.1,4.1.2,China,2004,35.2,UPPSEC,ALLAREA,E,_T,BOTHSEX
4,4.1,4.1.2,China,2005,74.2,LOWSEC,ALLAREA,E,_T,FEMALE
4,4.1,4.1.2,China,2005,92,PRIMAR,ALLAREA,E,_T,BOTHSEX
4,4.1,4.1.2,China,2005,92.6,PRIMAR,ALLAREA,E,_T,FEMALE
4,4.1,4.1.2,China,2005,93.4,PRIMAR,ALLAREA,E,_T,MALE
4,4.1,4.1.2,China,2005,36.7,UPPSEC,ALLAREA,E,_T,MALE
4,4.1,4.1.2,China,2005,36.7,UPPSEC,ALLAREA,E,_T,BOTHSEX
4,4.1,4.1.2,China,2005,37.2,UPPSEC,ALLAREA,E,_T,FEMALE
4,4.1,4.1.2,China,2005,74.9,LOWSEC,ALLAREA,E,_T,BOTHSEX
4,4.1,4.1.2,China,2005,76,LOWSEC,ALLAREA,E,_T,MALE
4,4.1,4.1.2,China,2006,93.4,PRIMAR,ALLAREA,E,_T,FEMALE
4,4.1,4.1.2,China,2006,92.7,PRIMAR,ALLAREA,E,_T,BOTHSEX
4,4.1,4.1.2,China,2006,76.4,LOWSEC,ALLAREA,E,_T,FEMALE
4,4.1,4.1.2,China,2006,77.10001,LOWSEC,ALLAREA,E,_T,MALE
4,4.1,4.1.2,China,2006,76.6,LOWSEC,ALLAREA,E,_T,BOTHSEX
4,4.1,4.1.2,China,2006,39.1,UPPSEC,ALLAREA,E,_T,FEMALE
4,4.1,4.1.2,China,2006,93.7,PRIMAR,ALLAREA,E,_T,MALE
4,4.1,4.1.2,China,2006,38.3,UPPSEC,ALLAREA,E,_T,BOTHSEX
4,4.1,4.1.2,China,2006,38,UPPSEC,ALLAREA,E,_T,MALE
4,4.1,4.1.2,China,2007,39.5,UPPSEC,ALLAREA,E,_T,MALE
4,4.1,4.1.2,China,2007,40.2,UPPSEC,ALLAREA,E,_T,BOTHSEX
4,4.1,4.1.2,China,2007,41.2,UPPSEC,ALLAREA,E,_T,FEMALE
4,4.1,4.1.2,China,2007,78.4,LOWSEC,ALLAREA,E,_T,BOTHSEX
4,4.1,4.1.2,China,2007,78.1,LOWSEC,ALLAREA,E,_T,MALE
4,4.1,4.1.2,China,2007,78.7,LOWSEC,ALLAREA,E,_T,FEMALE
4,4.1,4.1.2,China,2007,93.4,PRIMAR,ALLAREA,E,_T,BOTHSEX
4,4.1,4.1.2,China,2007,94.2,PRIMAR,ALLAREA,E,_T,FEMALE
4,4.1,4.1.2,China,2007,94,PRIMAR,ALLAREA,E,_T,MALE
4,4.1,4.1.2,China,2008,80.1,LOWSEC,ALLAREA,E,_T,BOTHSEX
4,4.1,4.1.2,China,2008,43.5,UPPSEC,ALLAREA,E,_T,FEMALE
4,4.1,4.1.2,China,2008,42.3,UPPSEC,ALLAREA,E,_T,BOTHSEX
4,4.1,4.1.2,China,2008,41.3,UPPSEC,ALLAREA,E,_T,MALE
4,4.1,4.1.2,China,2008,94.3,PRIMAR,ALLAREA,E,_T,MALE
4,4.1,4.1.2,China,2008,94.8,PRIMAR,ALLAREA,E,_T,FEMALE
4,4.1,4.1.2,China,2008,93.9,PRIMAR,ALLAREA,E,_T,BOTHSEX
4,4.1,4.1.2,China,2008,81.1,LOWSEC,ALLAREA,E,_T,FEMALE
4,4.1,4.1.2,China,2008,79,LOWSEC,ALLAREA,E,_T,MALE
4,4.1,4.1.2,China,2009,46.1,UPPSEC,ALLAREA,E,_T,FEMALE
4,4.1,4.1.2,China,2009,81.7,LOWSEC,ALLAREA,E,_T,BOTHSEX
4,4.1,4.1.2,China,2009,79.9,LOWSEC,ALLAREA,E,_T,MALE
4,4.1,4.1.2,China,2009,83.20001,LOWSEC,ALLAREA,E,_T,FEMALE
4,4.1,4.1.2,China,2009,94.3,PRIMAR,ALLAREA,E,_T,BOTHSEX
4,4.1,4.1.2,China,2009,43.3,UPPSEC,ALLAREA,E,_T,MALE
4,4.1,4.1.2,China,2009,44.7,UPPSEC,ALLAREA,E,_T,BOTHSEX
4,4.1,4.1.2,China,2009,95.3,PRIMAR,ALLAREA,E,_T,FEMALE
4,4.1,4.1.2,China,2009,94.4,PRIMAR,ALLAREA,E,_T,MALE
4,4.1,4.1.2,China,2010,96.35,PRIMAR,ALLAREA,C,_T,MALE
4,4.1,4.1.2,China,2010,98.36,PRIMAR,ALLAREA,C,Q4,BOTHSEX
4,4.1,4.1.2,China,2010,97.85,PRIMAR,ALLAREA,C,Q3,BOTHSEX
4,4.1,4.1.2,China,2010,97.09,PRIMAR,ALLAREA,C,_T,FEMALE
4,4.1,4.1.2,China,2010,96.69,PRIMAR,ALLAREA,C,_T,BOTHSEX
4,4.1,4.1.2,China,2010,99.2,PRIMAR,URBAN,C,_T,BOTHSEX
4,4.1,4.1.2,China,2010,91.28,LOWSEC,URBAN,C,_T,BOTHSEX
4,4.1,4.1.2,China,2010,77.78,LOWSEC,RURAL,C,_T,BOTHSEX
4,4.1,4.1.2,China,2010,94.76,PRIMAR,ALLAREA,C,Q2,BOTHSEX
4,4.1,4.1.2,China,2010,93.16,PRIMAR,ALLAREA,C,Q1,BOTHSEX
4,4.1,4.1.2,China,2010,85.83,LOWSEC,ALLAREA,C,_T,FEMALE
4,4.1,4.1.2,China,2010,43.02,UPPSEC,ALLAREA,C,_T,FEMALE
4,4.1,4.1.2,China,2010,43.97,UPPSEC,ALLAREA,C,_T,BOTHSEX
4,4.1,4.1.2,China,2010,34.93,UPPSEC,ALLAREA,C,Q2,BOTHSEX
4,4.1,4.1.2,China,2010,44.92,UPPSEC,ALLAREA,C,_T,MALE
4,4.1,4.1.2,China,2010,54.05,UPPSEC,ALLAREA,C,Q4,BOTHSEX
4,4.1,4.1.2,China,2010,60.05,UPPSEC,URBAN,C,_T,BOTHSEX
4,4.1,4.1.2,China,2010,84.05,LOWSEC,ALLAREA,C,_T,MALE
4,4.1,4.1.2,China,2010,84.94,LOWSEC,ALLAREA,C,_T,BOTHSEX
4,4.1,4.1.2,China,2010,87.26,LOWSEC,ALLAREA,C,Q4,BOTHSEX
4,4.1,4.1.2,China,2010,91.22,LOWSEC,ALLAREA,C,Q5,BOTHSEX
4,4.1,4.1.2,China,2010,89.14,LOWSEC,ALLAREA,C,Q3,BOTHSEX
4,4.1,4.1.2,China,2010,85.47,LOWSEC,ALLAREA,C,Q2,BOTHSEX
4,4.1,4.1.2,China,2010,66.41,LOWSEC,ALLAREA,C,Q1,BOTHSEX
4,4.1,4.1.2,China,2010,41.55,UPPSEC,ALLAREA,C,Q3,BOTHSEX
4,4.1,4.1.2,China,2010,26.51,UPPSEC,ALLAREA,C,Q1,BOTHSEX
4,4.1,4.1.2,China,2010,60.19,UPPSEC,ALLAREA,C,Q5,BOTHSEX
4,4.1,4.1.2,China,2010,27.84,UPPSEC,RURAL,C,_T,BOTHSEX
4,4.1,4.1.2,China,2010,98.91,PRIMAR,ALLAREA,C,Q5,BOTHSEX
4,4.1,4.1.2,China,2010,94.42,PRIMAR,RURAL,C,_T,BOTHSEX
4,4.1,4.1.2,China,2011,49.6,UPPSEC,ALLAREA,E,_T,BOTHSEX
4,4.1,4.1.2,China,2011,51.6,UPPSEC,ALLAREA,E,_T,FEMALE
4,4.1,4.1.2,China,2011,83.60001,LOWSEC,ALLAREA,E,_T,BOTHSEX
4,4.1,4.1.2,China,2011,81.1,LOWSEC,ALLAREA,E,_T,MALE
4,4.1,4.1.2,China,2011,86.1,LOWSEC,ALLAREA,E,_T,FEMALE
4,4.1,4.1.2,China,2011,46.9,UPPSEC,ALLAREA,E,_T,MALE
4,4.1,4.1.2,China,2011,94.70001,PRIMAR,ALLAREA,E,_T,BOTHSEX
4,4.1,4.1.2,China,2011,95.8,PRIMAR,ALLAREA,E,_T,FEMALE
4,4.1,4.1.2,China,2011,94.4,PRIMAR,ALLAREA,E,_T,MALE
4,4.1,4.1.2,China,2012,93.61,PRIMAR,ALLAREA,C,_T,FEMALE
4,4.1,4.1.2,China,2012,93.28,PRIMAR,ALLAREA,C,_T,BOTHSEX
4,4.1,4.1.2,China,2012,96.08,PRIMAR,URBAN,C,_T,BOTHSEX
4,4.1,4.1.2,China,2012,89.4,PRIMAR,ALLAREA,C,Q1,BOTHSEX
4,4.1,4.1.2,China,2012,93.84,PRIMAR,ALLAREA,C,Q2,BOTHSEX
4,4.1,4.1.2,China,2012,77.16,LOWSEC,RURAL,C,_T,BOTHSEX
4,4.1,4.1.2,China,2012,73.94,LOWSEC,ALLAREA,C,Q1,BOTHSEX
4,4.1,4.1.2,China,2012,87.71,LOWSEC,ALLAREA,C,Q3,BOTHSEX
4,4.1,4.1.2,China,2012,56.59,UPPSEC,ALLAREA,C,_T,FEMALE
4,4.1,4.1.2,China,2012,54.77,UPPSEC,ALLAREA,C,_T,BOTHSEX
4,4.1,4.1.2,China,2012,40.98,UPPSEC,ALLAREA,C,Q2,BOTHSEX
4,4.1,4.1.2,China,2012,52.8,UPPSEC,ALLAREA,C,_T,MALE
4,4.1,4.1.2,China,2012,49.94,UPPSEC,ALLAREA,C,Q1,BOTHSEX
4,4.1,4.1.2,China,2012,92.95,PRIMAR,ALLAREA,C,_T,MALE
4,4.1,4.1.2,China,2012,93.14,PRIMAR,ALLAREA,C,Q4,BOTHSEX
4,4.1,4.1.2,China,2012,92.68,PRIMAR,ALLAREA,C,Q3,BOTHSEX
4,4.1,4.1.2,China,2012,92.02,LOWSEC,URBAN,C,_T,BOTHSEX
4,4.1,4.1.2,China,2012,87.8,LOWSEC,ALLAREA,C,_T,FEMALE
4,4.1,4.1.2,China,2012,81.98,LOWSEC,ALLAREA,C,_T,MALE
4,4.1,4.1.2,China,2012,84.78,LOWSEC,ALLAREA,C,_T,BOTHSEX
4,4.1,4.1.2,China,2012,84.29,LOWSEC,ALLAREA,C,Q4,BOTHSEX
4,4.1,4.1.2,China,2012,90.62,LOWSEC,ALLAREA,C,Q5,BOTHSEX
4,4.1,4.1.2,China,2012,85.62,LOWSEC,ALLAREA,C,Q2,BOTHSEX
4,4.1,4.1.2,China,2012,61.31,UPPSEC,ALLAREA,C,Q4,BOTHSEX
4,4.1,4.1.2,China,2012,51.7,UPPSEC,ALLAREA,C,Q3,BOTHSEX
4,4.1,4.1.2,China,2012,63.8,UPPSEC,URBAN,C,_T,BOTHSEX
4,4.1,4.1.2,China,2012,90.35,PRIMAR,RURAL,C,_T,BOTHSEX
4,4.1,4.1.2,China,2012,97.54,PRIMAR,ALLAREA,C,Q5,BOTHSEX
4,4.1,4.1.2,China,2012,43.83,UPPSEC,RURAL,C,_T,BOTHSEX
4,4.1,4.1.2,China,2012,62.88,UPPSEC,ALLAREA,C,Q5,BOTHSEX
4,4.1,4.1.2,China,2013,48.9,UPPSEC,ALLAREA,E,_T,MALE
4,4.1,4.1.2,China,2013,53.3,UPPSEC,ALLAREA,E,_T,BOTHSEX
4,4.1,4.1.2,China,2013,56.2,UPPSEC,ALLAREA,E,_T,FEMALE
4,4.1,4.1.2,China,2013,84,LOWSEC,ALLAREA,E,_T,BOTHSEX
4,4.1,4.1.2,China,2013,81.2,LOWSEC,ALLAREA,E,_T,MALE
4,4.1,4.1.2,China,2013,87.8,LOWSEC,ALLAREA,E,_T,FEMALE
4,4.1,4.1.2,China,2013,94.6,PRIMAR,ALLAREA,E,_T,BOTHSEX
4,4.1,4.1.2,China,2013,96.10001,PRIMAR,ALLAREA,E,_T,FEMALE
4,4.1,4.1.2,China,2013,94.2,PRIMAR,ALLAREA,E,_T,MALE
4,4.1,4.1.2,China,2014,94.22,PRIMAR,ALLAREA,C,Q4,BOTHSEX
4,4.1,4.1.2,China,2014,98.11,PRIMAR,ALLAREA,C,Q3,BOTHSEX
4,4.1,4.1.2,China,2014,98.02,PRIMAR,ALLAREA,C,_T,FEMALE
4,4.1,4.1.2,China,2014,97.21,PRIMAR,ALLAREA,C,_T,BOTHSEX
4,4.1,4.1.2,China,2014,97.58,PRIMAR,URBAN,C,_T,BOTHSEX
4,4.1,4.1.2,China,2014,87.14,LOWSEC,URBAN,C,_T,BOTHSEX
4,4.1,4.1.2,China,2014,85.83,LOWSEC,ALLAREA,C,Q5,BOTHSEX
4,4.1,4.1.2,China,2014,79.66,LOWSEC,ALLAREA,C,Q3,BOTHSEX
4,4.1,4.1.2,China,2014,86.51,LOWSEC,ALLAREA,C,Q2,BOTHSEX
4,4.1,4.1.2,China,2014,79.43,LOWSEC,ALLAREA,C,Q1,BOTHSEX
4,4.1,4.1.2,China,2014,61.56,UPPSEC,ALLAREA,C,_T,FEMALE
4,4.1,4.1.2,China,2014,60.87,UPPSEC,ALLAREA,C,_T,BOTHSEX
4,4.1,4.1.2,China,2014,49.04,UPPSEC,RURAL,C,_T,BOTHSEX
4,4.1,4.1.2,China,2014,98.57,PRIMAR,ALLAREA,C,Q5,BOTHSEX
4,4.1,4.1.2,China,2014,96.78,PRIMAR,RURAL,C,_T,BOTHSEX
4,4.1,4.1.2,China,2014,96.53,PRIMAR,ALLAREA,C,_T,MALE
4,4.1,4.1.2,China,2014,76.62,LOWSEC,RURAL,C,_T,BOTHSEX
4,4.1,4.1.2,China,2014,98.38,PRIMAR,ALLAREA,C,Q2,BOTHSEX
4,4.1,4.1.2,China,2014,95.83,PRIMAR,ALLAREA,C,Q1,BOTHSEX
4,4.1,4.1.2,China,2014,88.61,LOWSEC,ALLAREA,C,_T,FEMALE
4,4.1,4.1.2,China,2014,77.02,LOWSEC,ALLAREA,C,_T,MALE
4,4.1,4.1.2,China,2014,82.56,LOWSEC,ALLAREA,C,_T,BOTHSEX
4,4.1,4.1.2,China,2014,84.1,LOWSEC,ALLAREA,C,Q4,BOTHSEX
4,4.1,4.1.2,China,2014,55.57,UPPSEC,ALLAREA,C,Q2,BOTHSEX
4,4.1,4.1.2,China,2014,60.16,UPPSEC,ALLAREA,C,_T,MALE
4,4.1,4.1.2,China,2014,66.71,UPPSEC,ALLAREA,C,Q4,BOTHSEX
4,4.1,4.1.2,China,2014,69.61,UPPSEC,URBAN,C,_T,BOTHSEX
4,4.1,4.1.2,China,2014,54.88,UPPSEC,ALLAREA,C,Q3,BOTHSEX
4,4.1,4.1.2,China,2014,61.14,UPPSEC,ALLAREA,C,Q1,BOTHSEX
4,4.1,4.1.2,China,2014,77.02,UPPSEC,ALLAREA,C,Q5,BOTHSEX
4,4.1,4.1.2,China,2015,49.8,UPPSEC,ALLAREA,E,_T,MALE
4,4.1,4.1.2,China,2015,55.4,UPPSEC,ALLAREA,E,_T,BOTHSEX
4,4.1,4.1.2,China,2015,94.1,PRIMAR,ALLAREA,E,_T,MALE
4,4.1,4.1.2,China,2015,59.3,UPPSEC,ALLAREA,E,_T,FEMALE
4,4.1,4.1.2,China,2015,84.2,LOWSEC,ALLAREA,E,_T,BOTHSEX
4,4.1,4.1.2,China,2015,81.2,LOWSEC,ALLAREA,E,_T,MALE
4,4.1,4.1.2,China,2015,89.20001,LOWSEC,ALLAREA,E,_T,FEMALE
4,4.1,4.1.2,China,2015,94.6,PRIMAR,ALLAREA,E,_T,BOTHSEX
4,4.1,4.1.2,China,2015,96.4,PRIMAR,ALLAREA,E,_T,FEMALE
4,4.1,4.1.2,China,2016,94.95,PRIMAR,ALLAREA,C,_T,MALE
4,4.1,4.1.2,China,2016,96.32,PRIMAR,ALLAREA,C,Q4,BOTHSEX
4,4.1,4.1.2,China,2016,93.78,PRIMAR,ALLAREA,C,Q3,MALE
4,4.1,4.1.2,China,2016,99.17,PRIMAR,ALLAREA,C,Q4,FEMALE
4,4.1,4.1.2,China,2016,93.6,PRIMAR,ALLAREA,C,Q4,MALE
4,4.1,4.1.2,China,2016,98.63,PRIMAR,ALLAREA,C,Q2,MALE
4,4.1,4.1.2,China,2016,98.23,PRIMAR,URBAN,C,_T,FEMALE
4,4.1,4.1.2,China,2016,93.61,PRIMAR,URBAN,C,Q1,FEMALE
4,4.1,4.1.2,China,2016,90.72,PRIMAR,RURAL,C,Q4,MALE
4,4.1,4.1.2,China,2016,81.12,PRIMAR,RURAL,C,Q5,BOTHSEX
4,4.1,4.1.2,China,2016,95.95,PRIMAR,URBAN,C,Q1,BOTHSEX
4,4.1,4.1.2,China,2016,93.44,PRIMAR,ALLAREA,C,Q1,BOTHSEX
4,4.1,4.1.2,China,2016,97.62,PRIMAR,ALLAREA,C,Q2,BOTHSEX
4,4.1,4.1.2,China,2016,76.29,LOWSEC,RURAL,C,_T,MALE
4,4.1,4.1.2,China,2016,92.59,LOWSEC,ALLAREA,C,Q5,MALE
4,4.1,4.1.2,China,2016,76.67,LOWSEC,RURAL,C,Q1,MALE
4,4.1,4.1.2,China,2016,84.4,LOWSEC,RURAL,C,Q2,BOTHSEX
4,4.1,4.1.2,China,2016,89.55,LOWSEC,RURAL,C,_T,FEMALE
4,4.1,4.1.2,China,2016,91.02,LOWSEC,RURAL,C,Q4,FEMALE
4,4.1,4.1.2,China,2016,80.35,LOWSEC,RURAL,C,Q5,BOTHSEX
4,4.1,4.1.2,China,2016,88.59,LOWSEC,URBAN,C,Q3,MALE
4,4.1,4.1.2,China,2016,91.53,LOWSEC,URBAN,C,Q4,FEMALE
4,4.1,4.1.2,China,2016,95.82,LOWSEC,URBAN,C,Q4,MALE
4,4.1,4.1.2,China,2016,80.58,LOWSEC,RURAL,C,Q1,BOTHSEX
4,4.1,4.1.2,China,2016,83.79,LOWSEC,RURAL,C,Q1,FEMALE
4,4.1,4.1.2,China,2016,93.3,LOWSEC,URBAN,C,Q3,BOTHSEX
4,4.1,4.1.2,China,2016,95.66,LOWSEC,URBAN,C,Q2,FEMALE
4,4.1,4.1.2,China,2016,92.35,LOWSEC,ALLAREA,C,Q4,BOTHSEX
4,4.1,4.1.2,China,2016,95.41,LOWSEC,ALLAREA,C,Q5,BOTHSEX
4,4.1,4.1.2,China,2016,95.7,LOWSEC,ALLAREA,C,Q3,FEMALE
4,4.1,4.1.2,China,2016,84.87,LOWSEC,ALLAREA,C,Q3,MALE
4,4.1,4.1.2,China,2016,84.49,LOWSEC,ALLAREA,C,Q1,BOTHSEX
4,4.1,4.1.2,China,2016,90.73,LOWSEC,ALLAREA,C,Q2,BOTHSEX
4,4.1,4.1.2,China,2016,90.55,LOWSEC,ALLAREA,C,Q3,BOTHSEX
4,4.1,4.1.2,China,2016,62.13,UPPSEC,RURAL,C,_T,FEMALE
4,4.1,4.1.2,China,2016,65.52,UPPSEC,RURAL,C,Q3,FEMALE
4,4.1,4.1.2,China,2016,66.1,UPPSEC,URBAN,C,Q4,BOTHSEX
4,4.1,4.1.2,China,2016,45.41,UPPSEC,RURAL,C,Q1,MALE
4,4.1,4.1.2,China,2016,99.63,LOWSEC,URBAN,C,Q5,FEMALE
4,4.1,4.1.2,China,2016,54.78,UPPSEC,RURAL,C,Q2,BOTHSEX
4,4.1,4.1.2,China,2016,98.27,LOWSEC,URBAN,C,Q5,BOTHSEX
4,4.1,4.1.2,China,2016,60.82,UPPSEC,ALLAREA,C,Q2,BOTHSEX
4,4.1,4.1.2,China,2016,72.24,UPPSEC,URBAN,C,Q4,FEMALE
4,4.1,4.1.2,China,2016,66.11,UPPSEC,ALLAREA,C,Q2,FEMALE
4,4.1,4.1.2,China,2016,77.5,UPPSEC,URBAN,C,Q5,FEMALE
4,4.1,4.1.2,China,2016,96.94,LOWSEC,URBAN,C,Q5,MALE
4,4.1,4.1.2,China,2016,49.64,UPPSEC,RURAL,C,_T,MALE
4,4.1,4.1.2,China,2016,61.22,UPPSEC,RURAL,C,Q3,BOTHSEX
4,4.1,4.1.2,China,2016,68.36,UPPSEC,ALLAREA,C,Q3,FEMALE
4,4.1,4.1.2,China,2016,70.61,UPPSEC,URBAN,C,_T,BOTHSEX
4,4.1,4.1.2,China,2016,60.43,UPPSEC,ALLAREA,C,Q3,MALE
4,4.1,4.1.2,China,2016,46.31,UPPSEC,ALLAREA,C,Q1,MALE
4,4.1,4.1.2,China,2016,57.84,UPPSEC,URBAN,C,Q1,BOTHSEX
4,4.1,4.1.2,China,2016,58.13,UPPSEC,URBAN,C,Q1,FEMALE
4,4.1,4.1.2,China,2016,54.45,UPPSEC,ALLAREA,C,Q1,FEMALE
4,4.1,4.1.2,China,2016,95.97,PRIMAR,RURAL,C,Q2,BOTHSEX
4,4.1,4.1.2,China,2016,95.6,PRIMAR,RURAL,C,Q2,FEMALE
4,4.1,4.1.2,China,2016,93.69,PRIMAR,RURAL,C,Q4,BOTHSEX
4,4.1,4.1.2,China,2016,96.28,PRIMAR,RURAL,C,Q4,FEMALE
4,4.1,4.1.2,China,2016,100,PRIMAR,RURAL,C,Q3,FEMALE
4,4.1,4.1.2,China,2016,96.13,PRIMAR,RURAL,C,_T,FEMALE
4,4.1,4.1.2,China,2016,90.3,PRIMAR,RURAL,C,_T,MALE
4,4.1,4.1.2,China,2016,100,PRIMAR,ALLAREA,C,Q5,FEMALE
4,4.1,4.1.2,China,2016,100,PRIMAR,URBAN,C,Q4,FEMALE
4,4.1,4.1.2,China,2016,56.28,UPPSEC,RURAL,C,_T,BOTHSEX
4,4.1,4.1.2,China,2016,56.07,UPPSEC,RURAL,C,Q3,MALE
4,4.1,4.1.2,China,2016,75.16,UPPSEC,URBAN,C,Q3,FEMALE
4,4.1,4.1.2,China,2016,68.19,UPPSEC,ALLAREA,C,Q5,BOTHSEX
4,4.1,4.1.2,China,2016,50.94,UPPSEC,ALLAREA,C,Q1,BOTHSEX
4,4.1,4.1.2,China,2016,57.29,UPPSEC,URBAN,C,Q1,MALE
4,4.1,4.1.2,China,2016,62.18,UPPSEC,RURAL,C,Q4,FEMALE
4,4.1,4.1.2,China,2016,99.9,PRIMAR,ALLAREA,C,Q3,FEMALE
4,4.1,4.1.2,China,2016,96.92,PRIMAR,ALLAREA,C,Q3,BOTHSEX
4,4.1,4.1.2,China,2016,96.69,PRIMAR,ALLAREA,C,Q2,FEMALE
4,4.1,4.1.2,China,2016,97.71,PRIMAR,ALLAREA,C,_T,FEMALE
4,4.1,4.1.2,China,2016,96.36,PRIMAR,ALLAREA,C,_T,BOTHSEX
4,4.1,4.1.2,China,2016,97.01,PRIMAR,URBAN,C,_T,MALE
4,4.1,4.1.2,China,2016,97.66,PRIMAR,URBAN,C,_T,BOTHSEX
4,4.1,4.1.2,China,2016,99.87,PRIMAR,URBAN,C,Q3,FEMALE
4,4.1,4.1.2,China,2016,96.98,PRIMAR,URBAN,C,Q3,BOTHSEX
4,4.1,4.1.2,China,2016,85.97,LOWSEC,ALLAREA,C,Q2,MALE
4,4.1,4.1.2,China,2016,98.7,LOWSEC,ALLAREA,C,Q5,FEMALE
4,4.1,4.1.2,China,2016,91.44,LOWSEC,ALLAREA,C,Q4,FEMALE
4,4.1,4.1.2,China,2016,92.98,LOWSEC,ALLAREA,C,Q4,MALE
4,4.1,4.1.2,China,2016,77.5,LOWSEC,ALLAREA,C,Q1,MALE
4,4.1,4.1.2,China,2016,89.96,LOWSEC,ALLAREA,C,Q1,FEMALE
4,4.1,4.1.2,China,2016,94.79,LOWSEC,ALLAREA,C,Q2,FEMALE
4,4.1,4.1.2,China,2016,65.94,UPPSEC,ALLAREA,C,_T,FEMALE
4,4.1,4.1.2,China,2016,70.76,UPPSEC,URBAN,C,Q5,MALE
4,4.1,4.1.2,China,2016,73.35,UPPSEC,URBAN,C,Q3,BOTHSEX
4,4.1,4.1.2,China,2016,76.39,UPPSEC,URBAN,C,Q2,BOTHSEX
4,4.1,4.1.2,China,2016,55.75,UPPSEC,RURAL,C,Q4,BOTHSEX
4,4.1,4.1.2,China,2016,74.75,UPPSEC,ALLAREA,C,Q5,FEMALE
4,4.1,4.1.2,China,2016,73.91,UPPSEC,URBAN,C,Q2,FEMALE
4,4.1,4.1.2,China,2016,96.35,PRIMAR,RURAL,C,Q3,BOTHSEX
4,4.1,4.1.2,China,2016,96.34,PRIMAR,RURAL,C,Q2,MALE
4,4.1,4.1.2,China,2016,92.87,PRIMAR,ALLAREA,C,Q1,MALE
4,4.1,4.1.2,China,2016,93.94,PRIMAR,ALLAREA,C,Q1,FEMALE
4,4.1,4.1.2,China,2016,91.79,LOWSEC,RURAL,C,Q3,FEMALE
4,4.1,4.1.2,China,2016,75.72,LOWSEC,RURAL,C,Q3,MALE
4,4.1,4.1.2,China,2016,73.41,LOWSEC,RURAL,C,Q2,MALE
4,4.1,4.1.2,China,2016,93.27,LOWSEC,RURAL,C,Q2,FEMALE
4,4.1,4.1.2,China,2016,84.79,LOWSEC,RURAL,C,Q3,BOTHSEX
4,4.1,4.1.2,China,2016,81.48,LOWSEC,RURAL,C,Q4,MALE
4,4.1,4.1.2,China,2016,83.21,LOWSEC,RURAL,C,_T,BOTHSEX
4,4.1,4.1.2,China,2016,85.75,LOWSEC,RURAL,C,Q4,BOTHSEX
4,4.1,4.1.2,China,2016,94.21,LOWSEC,URBAN,C,_T,BOTHSEX
4,4.1,4.1.2,China,2016,77.5,LOWSEC,URBAN,C,Q1,MALE
4,4.1,4.1.2,China,2016,96.57,LOWSEC,URBAN,C,_T,FEMALE
4,4.1,4.1.2,China,2016,91.93,LOWSEC,URBAN,C,_T,MALE
4,4.1,4.1.2,China,2016,90.16,LOWSEC,URBAN,C,Q1,BOTHSEX
4,4.1,4.1.2,China,2016,98.84,LOWSEC,URBAN,C,Q1,FEMALE
4,4.1,4.1.2,China,2016,94.48,LOWSEC,URBAN,C,Q2,BOTHSEX
4,4.1,4.1.2,China,2016,94.09,LOWSEC,URBAN,C,Q4,BOTHSEX
4,4.1,4.1.2,China,2016,97.84,LOWSEC,URBAN,C,Q3,FEMALE
4,4.1,4.1.2,China,2016,93.17,LOWSEC,URBAN,C,Q2,MALE
4,4.1,4.1.2,China,2016,94.15,LOWSEC,ALLAREA,C,_T,FEMALE
4,4.1,4.1.2,China,2016,87.01,LOWSEC,ALLAREA,C,_T,MALE
4,4.1,4.1.2,China,2016,100,PRIMAR,URBAN,C,Q5,MALE
4,4.1,4.1.2,China,2016,100,PRIMAR,URBAN,C,Q5,FEMALE
4,4.1,4.1.2,China,2016,94.25,PRIMAR,URBAN,C,Q4,MALE
4,4.1,4.1.2,China,2016,100,PRIMAR,URBAN,C,Q5,BOTHSEX
4,4.1,4.1.2,China,2016,90.58,LOWSEC,ALLAREA,C,_T,BOTHSEX
4,4.1,4.1.2,China,2016,71.13,UPPSEC,URBAN,C,Q3,MALE
4,4.1,4.1.2,China,2016,61.23,UPPSEC,ALLAREA,C,_T,BOTHSEX
4,4.1,4.1.2,China,2016,61.05,UPPSEC,URBAN,C,Q4,MALE
4,4.1,4.1.2,China,2016,41.37,UPPSEC,RURAL,C,Q2,MALE
4,4.1,4.1.2,China,2016,52.9,UPPSEC,RURAL,C,Q1,FEMALE
4,4.1,4.1.2,China,2016,63.05,UPPSEC,RURAL,C,Q2,FEMALE
4,4.1,4.1.2,China,2016,49.56,UPPSEC,RURAL,C,Q1,BOTHSEX
4,4.1,4.1.2,China,2016,74.16,UPPSEC,URBAN,C,Q5,BOTHSEX
4,4.1,4.1.2,China,2016,66.8,UPPSEC,ALLAREA,C,Q4,FEMALE
4,4.1,4.1.2,China,2016,55.86,UPPSEC,ALLAREA,C,_T,MALE
4,4.1,4.1.2,China,2016,80.84,UPPSEC,URBAN,C,Q2,MALE
4,4.1,4.1.2,China,2016,62.43,UPPSEC,ALLAREA,C,Q5,MALE
4,4.1,4.1.2,China,2016,52.02,UPPSEC,ALLAREA,C,Q2,MALE
4,4.1,4.1.2,China,2016,60.51,UPPSEC,ALLAREA,C,Q4,BOTHSEX
4,4.1,4.1.2,China,2016,72.74,UPPSEC,URBAN,C,_T,FEMALE
4,4.1,4.1.2,China,2016,54.79,UPPSEC,RURAL,C,Q5,MALE
4,4.1,4.1.2,China,2016,71.19,UPPSEC,RURAL,C,Q5,FEMALE
4,4.1,4.1.2,China,2016,64.75,UPPSEC,ALLAREA,C,Q3,BOTHSEX
4,4.1,4.1.2,China,2016,55.09,UPPSEC,ALLAREA,C,Q4,MALE
4,4.1,4.1.2,China,2016,50.34,UPPSEC,RURAL,C,Q4,MALE
4,4.1,4.1.2,China,2016,62.07,UPPSEC,RURAL,C,Q5,BOTHSEX
4,4.1,4.1.2,China,2016,68.12,UPPSEC,URBAN,C,_T,MALE
4,4.1,4.1.2,China,2016,93,PRIMAR,RURAL,C,_T,BOTHSEX
4,4.1,4.1.2,China,2016,97.54,PRIMAR,ALLAREA,C,Q5,BOTHSEX
4,4.1,4.1.2,China,2016,95.31,PRIMAR,ALLAREA,C,Q5,MALE
4,4.1,4.1.2,China,2016,94.04,PRIMAR,RURAL,C,Q3,MALE
4,4.1,4.1.2,China,2016,87.29,PRIMAR,RURAL,C,Q1,MALE
4,4.1,4.1.2,China,2016,94.39,PRIMAR,RURAL,C,Q1,FEMALE
4,4.1,4.1.2,China,2016,90.66,PRIMAR,RURAL,C,Q1,BOTHSEX
4,4.1,4.1.2,China,2016,97.16,PRIMAR,URBAN,C,Q2,FEMALE
4,4.1,4.1.2,China,2016,99.86,PRIMAR,URBAN,C,Q2,MALE
4,4.1,4.1.2,China,2016,99.31,PRIMAR,URBAN,C,Q1,MALE
4,4.1,4.1.2,China,2016,98.42,PRIMAR,URBAN,C,Q2,BOTHSEX
4,4.1,4.1.2,China,2016,93.53,PRIMAR,URBAN,C,Q3,MALE
4,4.1,4.1.2,China,2016,96.96,PRIMAR,URBAN,C,Q4,BOTHSEX
4,4.1,4.1.2,China,2017,50.6,UPPSEC,ALLAREA,E,_T,MALE
4,4.1,4.1.2,China,2017,94.9,PRIMAR,ALLAREA,E,_T,BOTHSEX
4,4.1,4.1.2,China,2017,96.7,PRIMAR,ALLAREA,E,_T,FEMALE
4,4.1,4.1.2,China,2017,94.3,PRIMAR,ALLAREA,E,_T,MALE
4,4.1,4.1.2,China,2017,57,UPPSEC,ALLAREA,E,_T,BOTHSEX
4,4.1,4.1.2,China,2017,61.6,UPPSEC,ALLAREA,E,_T,FEMALE
4,4.1,4.1.2,China,2017,84.79999,LOWSEC,ALLAREA,E,_T,BOTHSEX
4,4.1,4.1.2,China,2017,81.6,LOWSEC,ALLAREA,E,_T,MALE
4,4.1,4.1.2,China,2017,90.6,LOWSEC,ALLAREA,E,_T,FEMALE
4,4.1,4.1.2,China,2018,91.39999,LOWSEC,ALLAREA,E,_T,FEMALE
4,4.1,4.1.2,China,2018,82,LOWSEC,ALLAREA,E,_T,MALE
4,4.1,4.1.2,China,2018,85.39999,LOWSEC,ALLAREA,E,_T,BOTHSEX
4,4.1,4.1.2,China,2018,62.7,UPPSEC,ALLAREA,E,_T,FEMALE
4,4.1,4.1.2,China,2018,57.7,UPPSEC,ALLAREA,E,_T,BOTHSEX
4,4.1,4.1.2,China,2018,94.5,PRIMAR,ALLAREA,E,_T,MALE
4,4.1,4.1.2,China,2018,96.9,PRIMAR,ALLAREA,E,_T,FEMALE
4,4.1,4.1.2,China,2018,95.20001,PRIMAR,ALLAREA,E,_T,BOTHSEX
4,4.1,4.1.2,China,2018,51.1,UPPSEC,ALLAREA,E,_T,MALE
4,4.1,4.1.2,China,2019,51.6,UPPSEC,ALLAREA,E,_T,MALE
4,4.1,4.1.2,China,2019,58.5,UPPSEC,ALLAREA,E,_T,BOTHSEX
4,4.1,4.1.2,China,2019,63.7,UPPSEC,ALLAREA,E,_T,FEMALE
4,4.1,4.1.2,China,2019,86,LOWSEC,ALLAREA,E,_T,BOTHSEX
4,4.1,4.1.2,China,2019,82.4,LOWSEC,ALLAREA,E,_T,MALE
4,4.1,4.1.2,China,2019,92,LOWSEC,ALLAREA,E,_T,FEMALE
4,4.1,4.1.2,China,2019,95.4,PRIMAR,ALLAREA,E,_T,BOTHSEX
4,4.1,4.1.2,China,2019,97.2,PRIMAR,ALLAREA,E,_T,FEMALE
4,4.1,4.1.2,China,2019,94.6,PRIMAR,ALLAREA,E,_T,MALE
4,4.1,4.1.2,China,2020,94.8,PRIMAR,ALLAREA,E,_T,MALE
4,4.1,4.1.2,China,2020,59.3,UPPSEC,ALLAREA,E,_T,BOTHSEX
4,4.1,4.1.2,China,2020,52.1,UPPSEC,ALLAREA,E,_T,MALE
4,4.1,4.1.2,China,2020,97.39999,PRIMAR,ALLAREA,E,_T,FEMALE
4,4.1,4.1.2,China,2020,95.6,PRIMAR,ALLAREA,E,_T,BOTHSEX
4,4.1,4.1.2,China,2020,92.6,LOWSEC,ALLAREA,E,_T,FEMALE
4,4.1,4.1.2,China,2020,82.9,LOWSEC,ALLAREA,E,_T,MALE
4,4.1,4.1.2,China,2020,86.5,LOWSEC,ALLAREA,E,_T,BOTHSEX
4,4.1,4.1.2,China,2020,64.8,UPPSEC,ALLAREA,E,_T,FEMALE
